序号,兑换码,状态,使用日期,备注
1,FS-TT5X-S3K4,未使用,,
2,FS-CQDL-573Y,未使用,,
3,FS-FUL9-4MKK,未使用,,
4,FS-MDKV-X24F,未使用,,
5,FS-7MJP-LP7N,未使用,,
6,FS-MTZM-XNS2,未使用,,
7,FS-SY6M-7JUN,未使用,,
8,FS-7TRY-9QPS,未使用,,
9,FS-ZWUW-TAXD,未使用,,
10,FS-5Z69-CXLZ,未使用,,
11,FS-QECT-FSMC,未使用,,
12,FS-HK8C-ZJ8Q,未使用,,
13,FS-SHL9-VURB,未使用,,
14,FS-69UX-ZAHT,未使用,,
15,FS-MUL3-58MZ,未使用,,
16,FS-VGZH-SXC3,未使用,,
17,FS-X7ZH-94ZU,未使用,,
18,FS-F7FH-QLWS,未使用,,
19,FS-Q63H-UUCJ,未使用,,
20,FS-N3MX-5M29,未使用,,
21,FS-2SJA-VM5U,未使用,,
22,FS-JFTM-Y9JW,未使用,,
23,FS-63PK-A3K5,未使用,,
24,FS-5TLN-SKEA,未使用,,
25,FS-SN8F-W45T,未使用,,
26,FS-4U2D-98T2,未使用,,
27,FS-XQYS-29GH,未使用,,
28,FS-RPYF-MP7L,未使用,,
29,FS-B2YA-CJM4,未使用,,
30,FS-34HL-XJJU,未使用,,
31,FS-WLZE-FMHR,未使用,,
32,FS-DAZL-HN48,未使用,,
33,FS-EVCX-STXQ,未使用,,
34,FS-73PD-DFSD,未使用,,
35,FS-D7PQ-YRC5,未使用,,
36,FS-UWQ2-3PCB,未使用,,
37,FS-83A3-MN53,未使用,,
38,FS-833T-FLT7,未使用,,
39,FS-VBC5-VHKC,未使用,,
40,FS-LZTS-UKHH,未使用,,
41,FS-7MMN-RTN4,未使用,,
42,FS-HE5K-CXKF,未使用,,
43,FS-JJ8F-M6ZL,未使用,,
44,FS-FZFW-MX5D,未使用,,
45,FS-LZPW-FUWQ,未使用,,
46,FS-L8HK-WBA3,未使用,,
47,FS-7UL7-2T7K,未使用,,
48,FS-DSVB-XUQ8,未使用,,
49,FS-CY9Y-9A8D,未使用,,
50,FS-3QF8-862Q,未使用,,
51,FS-DYAR-EMS7,未使用,,
52,FS-SK8R-EQTZ,未使用,,
53,FS-F5DH-BBCZ,未使用,,
54,FS-BBLH-R9J3,未使用,,
55,FS-UWUQ-T3LX,未使用,,
56,FS-NLUW-UVDG,未使用,,
57,FS-F88D-YN6N,未使用,,
58,FS-BXC6-FLT4,未使用,,
59,FS-N57M-WFKG,未使用,,
60,FS-5JU8-DJXQ,未使用,,
61,FS-WY7S-R753,未使用,,
62,FS-VPJU-4R7B,未使用,,
63,FS-K7MA-6VE8,未使用,,
64,FS-KBWD-KA56,未使用,,
65,FS-M9FF-DJNY,未使用,,
66,FS-3CMF-WFAW,未使用,,
67,FS-XRB8-TWT4,未使用,,
68,FS-Z8SE-TZPS,未使用,,
69,FS-8E44-3SW5,未使用,,
70,FS-AT3S-KCH3,未使用,,
71,FS-4MQB-3JPV,未使用,,
72,FS-RUBD-DAVV,未使用,,
73,FS-LRX9-S7CE,未使用,,
74,FS-Z5AG-5P36,未使用,,
75,FS-658P-DHNP,未使用,,
76,FS-GM8R-TXA8,未使用,,
77,FS-PQWU-HRUQ,未使用,,
78,FS-2PE8-4J5E,未使用,,
79,FS-SXMZ-ANG7,未使用,,
80,FS-3V74-7QZD,未使用,,
81,FS-UY45-FYLH,未使用,,
82,FS-45KL-KBNR,未使用,,
83,FS-E7QK-R4MD,未使用,,
84,FS-PBUX-9PG9,未使用,,
85,FS-3RJV-5XKA,未使用,,
86,FS-ZCQY-MFZD,未使用,,
87,FS-2FWB-T6CF,未使用,,
88,FS-H7NQ-F8F2,未使用,,
89,FS-AKQA-MTQF,未使用,,
90,FS-7Q4F-SVDY,未使用,,
91,FS-FBF4-LEYH,未使用,,
92,FS-2GXH-Z753,未使用,,
93,FS-F9TL-F8N2,未使用,,
94,FS-ZZ5C-ELDM,未使用,,
95,FS-CJAM-UE2P,未使用,,
96,FS-AV7Q-L8DS,未使用,,
97,FS-KDKE-EY37,未使用,,
98,FS-JK6X-Q49Y,未使用,,
99,FS-2HSH-NPGN,未使用,,
100,FS-HGZN-HSAF,未使用,,
101,FS-DNEU-9ZYV,未使用,,
102,FS-KNSY-77DG,未使用,,
103,FS-PRHK-NW78,未使用,,
104,FS-L8Z5-VSC7,未使用,,
105,FS-54CJ-AEYL,未使用,,
106,FS-R3BB-RC7J,未使用,,
107,FS-6RGN-98FR,未使用,,
108,FS-NX8W-U97G,未使用,,
109,FS-WKQY-SS33,未使用,,
110,FS-XUVJ-HYKN,未使用,,
111,FS-X2X5-8ZEE,未使用,,
112,FS-VDMA-U9EU,未使用,,
113,FS-S33D-PUMF,未使用,,
114,FS-EDBY-QLFQ,未使用,,
115,FS-KRZD-S2WV,未使用,,
116,FS-XEDN-9MX4,未使用,,
117,FS-TLA9-STC3,未使用,,
118,FS-258U-B9CT,未使用,,
119,FS-TKHH-9AJM,未使用,,
120,FS-LKPC-22LX,未使用,,
121,FS-Q85P-4UWC,未使用,,
122,FS-Z4WE-BPGW,未使用,,
123,FS-TB8S-8ZY5,未使用,,
124,FS-RZBL-SK6W,未使用,,
125,FS-EXYD-9HBX,未使用,,
126,FS-K7XB-RW69,未使用,,
127,FS-QFEL-MVH3,未使用,,
128,FS-Q8CH-PT32,未使用,,
129,FS-M4KD-J4MA,未使用,,
130,FS-7H2E-XLCX,未使用,,
131,FS-RA9F-H282,未使用,,
132,FS-EEJW-TX5G,未使用,,
133,FS-BG2U-2GA6,未使用,,
134,FS-YRQH-BF6Z,未使用,,
135,FS-NB8Z-Z7A5,未使用,,
136,FS-XB5C-QSXE,未使用,,
137,FS-TEYT-X9RZ,未使用,,
138,FS-DNBU-W3NX,未使用,,
139,FS-2PPN-2R9W,未使用,,
140,FS-JN6T-KAB8,未使用,,
141,FS-DLJE-GDX5,未使用,,
142,FS-VL4W-XZHW,未使用,,
143,FS-9JNV-GEJR,未使用,,
144,FS-ZA2C-MBDE,未使用,,
145,FS-9QCF-4HXG,未使用,,
146,FS-PJQQ-9NGG,未使用,,
147,FS-AJVZ-W7X7,未使用,,
148,FS-KHJ8-E9Y4,未使用,,
149,FS-PCSZ-9AAV,未使用,,
150,FS-XG98-UCVS,未使用,,
151,FS-4TCJ-J34P,未使用,,
152,FS-QCY9-D6UY,未使用,,
153,FS-E4MJ-JRW5,未使用,,
154,FS-2VQP-JNS9,未使用,,
155,FS-LGWT-7CA7,未使用,,
156,FS-PZ79-B6JX,未使用,,
157,FS-3CDZ-SLYA,未使用,,
158,FS-8KNU-G98G,未使用,,
159,FS-7C3G-KYJG,未使用,,
160,FS-CFGM-27SD,未使用,,
161,FS-8JGD-VBXC,未使用,,
162,FS-S9WW-AZDE,未使用,,
163,FS-27T4-3MYR,未使用,,
164,FS-VYRE-DLX6,未使用,,
165,FS-JUPV-Y69C,未使用,,
166,FS-X4YA-JR7N,未使用,,
167,FS-BELC-N752,未使用,,
168,FS-KAB3-R6K6,未使用,,
169,FS-GETQ-2CAU,未使用,,
170,FS-HSHM-WJFM,未使用,,
171,FS-39N5-HBUH,未使用,,
172,FS-67SG-3PHF,未使用,,
173,FS-UU3U-5C64,未使用,,
174,FS-8G5U-N7CJ,未使用,,
175,FS-55PY-42YU,未使用,,
176,FS-BFFJ-RTBE,未使用,,
177,FS-CUVY-CJF4,未使用,,
178,FS-34AP-VCS3,未使用,,
179,FS-BTXD-5JGS,未使用,,
180,FS-PTDR-ZGFG,未使用,,
181,FS-ZXTJ-4MST,未使用,,
182,FS-9LS2-TAZX,未使用,,
183,FS-VNX9-PK5Y,未使用,,
184,FS-NYU5-GVGA,未使用,,
185,FS-RMTY-3GKL,未使用,,
186,FS-2ZVH-JBDQ,未使用,,
187,FS-B6A8-BNXN,未使用,,
188,FS-4B6L-WCV3,未使用,,
189,FS-DBCP-J2LB,未使用,,
190,FS-4EVA-773F,未使用,,
191,FS-J2WM-LGMH,未使用,,
192,FS-XLTD-Z3BY,未使用,,
193,FS-TH8D-RPRB,未使用,,
194,FS-AU9P-5HHW,未使用,,
195,FS-PKAM-Q2CA,未使用,,
196,FS-959H-MWL6,未使用,,
197,FS-BFPD-AKA2,未使用,,
198,FS-FGH3-QARZ,未使用,,
199,FS-BRDR-UCPW,未使用,,
200,FS-ZSSE-FRJG,未使用,,
201,FS-P655-S838,未使用,,
202,FS-DE32-EUJU,未使用,,
203,FS-XK7V-Y276,未使用,,
204,FS-Y9X7-CMEN,未使用,,
205,FS-6R5U-VRKK,未使用,,
206,FS-XFDF-U2YH,未使用,,
207,FS-PR7F-3NAR,未使用,,
208,FS-TM97-9ZEX,未使用,,
209,FS-8JFP-PCR7,未使用,,
210,FS-2WJW-48VH,未使用,,
211,FS-D9PN-J9D8,未使用,,
212,FS-T7Q4-3MAW,未使用,,
213,FS-VEPT-7TYZ,未使用,,
214,FS-JDP7-98RF,未使用,,
215,FS-AR73-BKJ9,未使用,,
216,FS-QTBU-V89N,未使用,,
217,FS-LCNF-UEMK,未使用,,
218,FS-RFGV-U8YY,未使用,,
219,FS-G6KM-RVB5,未使用,,
220,FS-DAE5-5YJ9,未使用,,
221,FS-77VX-MK9R,未使用,,
222,FS-9GTX-38XP,未使用,,
223,FS-VYKK-BE6D,未使用,,
224,FS-FTDK-KZSL,未使用,,
225,FS-7YX5-ARTY,未使用,,
226,FS-NJ37-4DMB,未使用,,
227,FS-2LH5-RFJY,未使用,,
228,FS-3THK-TBZ7,未使用,,
229,FS-WAGR-ZSW4,未使用,,
230,FS-BY6X-3PLH,未使用,,
231,FS-EZCC-TFWE,未使用,,
232,FS-AYM6-5WB4,未使用,,
233,FS-Y24H-CJCT,未使用,,
234,FS-NAZ4-XQU6,未使用,,
235,FS-WTTF-YFD7,未使用,,
236,FS-SQLF-WHNX,未使用,,
237,FS-HBQ6-X37W,未使用,,
238,FS-K9RH-N59R,未使用,,
239,FS-FEAQ-33JR,未使用,,
240,FS-Z9XV-CVLF,未使用,,
241,FS-5BZ4-8X2M,未使用,,
242,FS-P4D2-DDYZ,未使用,,
243,FS-8HAQ-WAAT,未使用,,
244,FS-3D76-D8EZ,未使用,,
245,FS-5NGH-67WU,未使用,,
246,FS-8YXZ-9T28,未使用,,
247,FS-UYLV-HA4X,未使用,,
248,FS-VU4S-QWUU,未使用,,
249,FS-VYAY-6YJN,未使用,,
250,FS-M9ZB-SE7S,未使用,,
251,FS-B5VB-PRXN,未使用,,
252,FS-4SHT-89WY,未使用,,
253,FS-RGX4-T3YG,未使用,,
254,FS-ZQER-NQAK,未使用,,
255,FS-7ZLH-NGDY,未使用,,
256,FS-4ZQE-XHTV,未使用,,
257,FS-HXPK-HMQT,未使用,,
258,FS-PCG7-8PQE,未使用,,
259,FS-XGVN-4ZZD,未使用,,
260,FS-8MYM-BJ86,未使用,,
261,FS-G2E3-R8B2,未使用,,
262,FS-WF66-8L27,未使用,,
263,FS-PRLJ-QPRK,未使用,,
264,FS-RBAM-QW8F,未使用,,
265,FS-RS6Q-87Q2,未使用,,
266,FS-FNBD-MWP7,未使用,,
267,FS-PX2W-HNVV,未使用,,
268,FS-WLU4-DWHR,未使用,,
269,FS-SAUA-XTD9,未使用,,
270,FS-E54B-NPR2,未使用,,
271,FS-X92J-A3MD,未使用,,
272,FS-Z6NK-EEQA,未使用,,
273,FS-HT7E-PCDG,未使用,,
274,FS-EZD2-53CL,未使用,,
275,FS-UCC4-QS3Y,未使用,,
276,FS-3YYU-XTMR,未使用,,
277,FS-YFJB-JF32,未使用,,
278,FS-PHGX-Q3DR,未使用,,
279,FS-CZMP-2DGC,未使用,,
280,FS-7PRX-5YV9,未使用,,
281,FS-BNDH-936V,未使用,,
282,FS-WJY8-ZP2T,未使用,,
283,FS-SZM5-4DD6,未使用,,
284,FS-NY6Q-RCPY,未使用,,
285,FS-XNP9-M9XT,未使用,,
286,FS-MH4W-HV9S,未使用,,
287,FS-UD45-L5RL,未使用,,
288,FS-CFKA-RBNK,未使用,,
289,FS-EJQ4-QVMW,未使用,,
290,FS-LTTE-TXY7,未使用,,
291,FS-R4L2-NCFZ,未使用,,
292,FS-97LJ-3D47,未使用,,
293,FS-98FK-MJQL,未使用,,
294,FS-6YY6-7JW5,未使用,,
295,FS-J7ZD-3GG2,未使用,,
296,FS-LX2L-CGDE,未使用,,
297,FS-VQ66-XUS7,未使用,,
298,FS-UPCW-E9QN,未使用,,
299,FS-PXNS-582V,未使用,,
300,FS-JHQZ-DJVU,未使用,,
301,FS-DPJU-KADT,未使用,,
302,FS-EJ4R-H8VK,未使用,,
303,FS-WXUL-LXD8,未使用,,
304,FS-PZYK-VN3L,未使用,,
305,FS-X76L-G32R,未使用,,
306,FS-4EVS-YYTR,未使用,,
307,FS-8C8N-N359,未使用,,
308,FS-YTLM-SMB5,未使用,,
309,FS-DTRT-3JRY,未使用,,
310,FS-9MKP-BR7J,未使用,,
311,FS-9747-FLXC,未使用,,
312,FS-PQ3N-H628,未使用,,
313,FS-NXT5-44AG,未使用,,
314,FS-A2A7-6RQP,未使用,,
315,FS-EYK9-RVW4,未使用,,
316,FS-WU6M-YYPZ,未使用,,
317,FS-48X6-TYHU,未使用,,
318,FS-873G-4VDC,未使用,,
319,FS-GHJA-FAUR,未使用,,
320,FS-WULZ-XQ6A,未使用,,
321,FS-BN8H-N4UX,未使用,,
322,FS-FZDC-STJT,未使用,,
323,FS-GM78-5QKS,未使用,,
324,FS-KL8Q-AXNA,未使用,,
325,FS-JCWR-F5G7,未使用,,
326,FS-9FFK-ZURV,未使用,,
327,FS-5UQ4-N5RF,未使用,,
328,FS-5SHB-7H36,未使用,,
329,FS-AGDB-8LLQ,未使用,,
330,FS-4LC3-CNBY,未使用,,
331,FS-FBNL-BM9B,未使用,,
332,FS-6SJU-FJF6,未使用,,
333,FS-UUQB-TS3M,未使用,,
334,FS-PNR6-M5VD,未使用,,
335,FS-A4C8-ZP8N,未使用,,
336,FS-TUWD-5EQE,未使用,,
337,FS-Z9PZ-CUCH,未使用,,
338,FS-MEUZ-9CUA,未使用,,
339,FS-GJT2-HNXK,未使用,,
340,FS-6JYZ-SQAM,未使用,,
341,FS-DRHU-98K5,未使用,,
342,FS-UMVP-N46S,未使用,,
343,FS-JTCZ-R95T,未使用,,
344,FS-ED3Z-CDTY,未使用,,
345,FS-JNK6-XMUH,未使用,,
346,FS-H33J-2PVQ,未使用,,
347,FS-C9E9-N79J,未使用,,
348,FS-BPZV-BD9Q,未使用,,
349,FS-4C3V-3P2G,未使用,,
350,FS-PYV6-6VQB,未使用,,
351,FS-2BGH-GS26,未使用,,
352,FS-954W-4ZEV,未使用,,
353,FS-NAJ8-P8DU,未使用,,
354,FS-M543-C5DH,未使用,,
355,FS-XDCW-FJPP,未使用,,
356,FS-VMFB-6BKP,未使用,,
357,FS-46PM-UZMT,未使用,,
358,FS-G43B-RDV8,未使用,,
359,FS-V42Z-PCNE,未使用,,
360,FS-E3RD-GRKA,未使用,,
361,FS-TWY2-XG73,未使用,,
362,FS-XJ3D-S2FU,未使用,,
363,FS-PR8B-6P3H,未使用,,
364,FS-VQE5-Z94M,未使用,,
365,FS-A9Y4-P8VC,未使用,,
366,FS-JCMC-WUX9,未使用,,
367,FS-9A3S-X5JS,未使用,,
368,FS-5QS2-X8UG,未使用,,
369,FS-P8BR-5Z9J,未使用,,
370,FS-VU75-6PC8,未使用,,
371,FS-CB27-V6J3,未使用,,
372,FS-X43W-8GTJ,未使用,,
373,FS-RTSD-SW29,未使用,,
374,FS-B523-FMUU,未使用,,
375,FS-Y22A-ALJ5,未使用,,
376,FS-VBFP-MGCA,未使用,,
377,FS-JKKA-FNQJ,未使用,,
378,FS-ZF99-9C9A,未使用,,
379,FS-RG9V-XVMA,未使用,,
380,FS-8SJK-3MES,未使用,,
381,FS-T2W9-HZ3B,未使用,,
382,FS-AN2W-999Y,未使用,,
383,FS-47SB-ZAES,未使用,,
384,FS-VUVC-QY3Z,未使用,,
385,FS-CXRC-7MKE,未使用,,
386,FS-MFYN-UNP2,未使用,,
387,FS-NJKL-96JJ,未使用,,
388,FS-L2T5-W3KM,未使用,,
389,FS-H4SS-SNYS,未使用,,
390,FS-JTP7-2PVS,未使用,,
391,FS-93KX-6MXC,未使用,,
392,FS-RSHV-E3YK,未使用,,
393,FS-HY26-Y8VK,未使用,,
394,FS-SGXA-8YUK,未使用,,
395,FS-VH5S-5Y6J,未使用,,
396,FS-3YYG-48KQ,未使用,,
397,FS-LQMN-E2XZ,未使用,,
398,FS-JY9M-54E3,未使用,,
399,FS-ACWX-WWMR,未使用,,
400,FS-FVZR-AN5G,未使用,,
401,FS-LVFE-7LKY,未使用,,
402,FS-T2MF-TCWB,未使用,,
403,FS-Y49U-YKU2,未使用,,
404,FS-HKUN-CMZV,未使用,,
405,FS-JUXS-DYD6,未使用,,
406,FS-VNX2-59BM,未使用,,
407,FS-ZUPW-2DZ9,未使用,,
408,FS-5GN5-ZYQL,未使用,,
409,FS-KKXK-FSZW,未使用,,
410,FS-BA3C-GXXR,未使用,,
411,FS-XUC8-X5YM,未使用,,
412,FS-6F8W-R8HL,未使用,,
413,FS-QCLP-BV5G,未使用,,
414,FS-R33F-QMQ8,未使用,,
415,FS-KTAJ-QXTL,未使用,,
416,FS-DH3J-WU2D,未使用,,
417,FS-JHKR-97KQ,未使用,,
418,FS-GAE5-5X84,未使用,,
419,FS-ZH9D-G6GW,未使用,,
420,FS-ZTD6-DR5C,未使用,,
421,FS-H5QR-6VZN,未使用,,
422,FS-2QRL-ZEW3,未使用,,
423,FS-MK2F-NHRL,未使用,,
424,FS-Q22W-4A3C,未使用,,
425,FS-Z27G-7V8Z,未使用,,
426,FS-5UL8-S2NG,未使用,,
427,FS-Z7JF-L82T,未使用,,
428,FS-LG9V-NWJT,未使用,,
429,FS-QGQ3-UT4J,未使用,,
430,FS-CQ4U-8JNS,未使用,,
431,FS-CZH7-QMHW,未使用,,
432,FS-AX2H-V9FZ,未使用,,
433,FS-EG6G-YDLQ,未使用,,
434,FS-GY5Y-3JMU,未使用,,
435,FS-QR9M-RJ6E,未使用,,
436,FS-HE2G-68Y4,未使用,,
437,FS-JW44-DLGT,未使用,,
438,FS-EC2U-QHP4,未使用,,
439,FS-RFG6-GWER,未使用,,
440,FS-CHGJ-CSEF,未使用,,
441,FS-QTBV-KKJR,未使用,,
442,FS-7BGA-Q9L2,未使用,,
443,FS-PP4B-FGQZ,未使用,,
444,FS-PHJD-KB9U,未使用,,
445,FS-GEDG-HBKU,未使用,,
446,FS-6MS9-KSYB,未使用,,
447,FS-MXLX-V5ZB,未使用,,
448,FS-WKK5-UMJP,未使用,,
449,FS-C2GF-YYHF,未使用,,
450,FS-LBUA-QK6X,未使用,,
451,FS-9M6F-W65N,未使用,,
452,FS-EQKT-FXXQ,未使用,,
453,FS-5ZNN-KYGP,未使用,,
454,FS-K8A6-7E2S,未使用,,
455,FS-EXY5-8DP8,未使用,,
456,FS-LHUJ-WH3X,未使用,,
457,FS-8NKN-VRAV,未使用,,
458,FS-KA86-Q35F,未使用,,
459,FS-SJKH-EPAR,未使用,,
460,FS-U97W-EUAU,未使用,,
461,FS-U58Y-Q6YU,未使用,,
462,FS-ZM2U-A3X7,未使用,,
463,FS-CNF8-7SRU,未使用,,
464,FS-YL5S-WNJC,未使用,,
465,FS-NAVY-6M5T,未使用,,
466,FS-6ZS7-UFFP,未使用,,
467,FS-YRN2-F76F,未使用,,
468,FS-7BZR-EQYH,未使用,,
469,FS-7HZM-3QS9,未使用,,
470,FS-QY9B-ABWM,未使用,,
471,FS-JYFL-FTD7,未使用,,
472,FS-KK9V-ZCJG,未使用,,
473,FS-EZKZ-XHCT,未使用,,
474,FS-CF7K-2Y72,未使用,,
475,FS-X6NX-W2V8,未使用,,
476,FS-PXHX-L5QB,未使用,,
477,FS-8ZEJ-EK23,未使用,,
478,FS-KECM-AM2H,未使用,,
479,FS-2PB2-DNTQ,未使用,,
480,FS-LWH7-ZEG3,未使用,,
481,FS-DCMT-D6VG,未使用,,
482,FS-YC9N-Z33G,未使用,,
483,FS-53QN-Z8CJ,未使用,,
484,FS-X4GW-RQXY,未使用,,
485,FS-MEDL-UPUZ,未使用,,
486,FS-XPYF-MWPX,未使用,,
487,FS-MC2W-A9FF,未使用,,
488,FS-9QTR-AU76,未使用,,
489,FS-Q927-58QY,未使用,,
490,FS-5R6R-94JX,未使用,,
491,FS-24MJ-JEC4,未使用,,
492,FS-8WT4-JT88,未使用,,
493,FS-UEMA-ZRVJ,未使用,,
494,FS-FJ44-KR5R,未使用,,
495,FS-NABD-WWD9,未使用,,
496,FS-UR9Y-BQCK,未使用,,
497,FS-XTU4-FM4R,未使用,,
498,FS-NRK4-7K2Z,未使用,,
499,FS-ZMJ7-MWZC,未使用,,
500,FS-7GD5-Z276,未使用,,
501,FS-PQ8Z-HJ65,未使用,,
502,FS-P8YA-BS4P,未使用,,
503,FS-7YSE-DFLC,未使用,,
504,FS-TZZ2-BYRC,未使用,,
505,FS-MM54-MKZA,未使用,,
506,FS-4P2W-FHTN,未使用,,
507,FS-7PSL-LB53,未使用,,
508,FS-JAN2-REXJ,未使用,,
509,FS-DBA8-B5TG,未使用,,
510,FS-2KCQ-UGSY,未使用,,
511,FS-3VHM-8J3K,未使用,,
512,FS-7WCR-E28Q,未使用,,
513,FS-V2BK-9TKU,未使用,,
514,FS-KNPA-TM38,未使用,,
515,FS-66UZ-3TS9,未使用,,
516,FS-KLW3-R43R,未使用,,
517,FS-3CAS-REC5,未使用,,
518,FS-U7Y6-C2G8,未使用,,
519,FS-GVZS-CFTL,未使用,,
520,FS-H5HP-KFU5,未使用,,
521,FS-35FJ-NQP8,未使用,,
522,FS-QRNZ-YJ66,未使用,,
523,FS-F6W9-R8TJ,未使用,,
524,FS-J7X9-ANM4,未使用,,
525,FS-JGQT-GFC4,未使用,,
526,FS-LK4E-TN72,未使用,,
527,FS-DRRX-MJ4D,未使用,,
528,FS-SF2A-F8V6,未使用,,
529,FS-34XN-P9PD,未使用,,
530,FS-7CZB-3CMB,未使用,,
531,FS-LT2M-D4B8,未使用,,
532,FS-PED3-WGMU,未使用,,
533,FS-TBRJ-RRGD,未使用,,
534,FS-WXXK-99BL,未使用,,
535,FS-7CVS-2N4C,未使用,,
536,FS-JVC4-BQX3,未使用,,
537,FS-V3TB-X7Q6,未使用,,
538,FS-JJDM-EZRU,未使用,,
539,FS-FZ3N-RDP2,未使用,,
540,FS-XRMQ-M7CX,未使用,,
541,FS-4UAX-Z92D,未使用,,
542,FS-VPXP-5ELG,未使用,,
543,FS-2W7U-EC9B,未使用,,
544,FS-89RS-8UL8,未使用,,
545,FS-8PL7-KVJR,未使用,,
546,FS-62A2-C2HL,未使用,,
547,FS-4PP2-WKY8,未使用,,
548,FS-YRTQ-K3M5,未使用,,
549,FS-CQWW-HPA9,未使用,,
550,FS-WVGR-5SSJ,未使用,,
551,FS-LW8W-8DAW,未使用,,
552,FS-JQXZ-QCW6,未使用,,
553,FS-3SPZ-ZZPK,未使用,,
554,FS-L5LD-XHWL,未使用,,
555,FS-5WHR-7EBB,未使用,,
556,FS-2LWF-U49M,未使用,,
557,FS-FH5B-HT67,未使用,,
558,FS-SQLS-MBJ7,未使用,,
559,FS-B7AX-45VV,未使用,,
560,FS-KB8U-WZ65,未使用,,
561,FS-UQQN-55CH,未使用,,
562,FS-6VBA-DZAA,未使用,,
563,FS-YX38-8ZX6,未使用,,
564,FS-LWYD-42CZ,未使用,,
565,FS-WTZ9-8Z3J,未使用,,
566,FS-SMMW-VPRQ,未使用,,
567,FS-WZA4-G9MX,未使用,,
568,FS-8RQE-B6W6,未使用,,
569,FS-QLF2-ZQKL,未使用,,
570,FS-UA8K-2S2G,未使用,,
571,FS-B3QH-WEKX,未使用,,
572,FS-7Z84-QPEE,未使用,,
573,FS-2AQR-Q995,未使用,,
574,FS-2MTA-HR9A,未使用,,
575,FS-CSRX-BHAZ,未使用,,
576,FS-MJ4N-DLUK,未使用,,
577,FS-6EKM-NPG7,未使用,,
578,FS-CJCA-PJVG,未使用,,
579,FS-NHSG-CBMV,未使用,,
580,FS-SLMN-J5ZZ,未使用,,
581,FS-GQTK-WN5J,未使用,,
582,FS-HSNK-2QFR,未使用,,
583,FS-T5K9-EESZ,未使用,,
584,FS-UDQQ-MTC9,未使用,,
585,FS-DG4G-9QN7,未使用,,
586,FS-7Y3A-LXSG,未使用,,
587,FS-2GGF-DUUX,未使用,,
588,FS-MJ9A-9T6D,未使用,,
589,FS-R2BB-K44E,未使用,,
590,FS-G9EF-3SWD,未使用,,
591,FS-RF3U-CRQN,未使用,,
592,FS-2GR4-EVEH,未使用,,
593,FS-ZDJ5-GZ3U,未使用,,
594,FS-YQ8R-M5KR,未使用,,
595,FS-GB2A-KCTH,未使用,,
596,FS-H58W-APX5,未使用,,
597,FS-XSEZ-G5TS,未使用,,
598,FS-HBYG-LEL6,未使用,,
599,FS-78XC-BRJS,未使用,,
600,FS-RS2M-88SQ,未使用,,
601,FS-H5TD-8TPE,未使用,,
602,FS-UP5V-U464,未使用,,
603,FS-TJ9Q-D63D,未使用,,
604,FS-PK86-ALXV,未使用,,
605,FS-BJ5M-ACXD,未使用,,
606,FS-ZNFZ-U5T9,未使用,,
607,FS-97PZ-MKNU,未使用,,
608,FS-DES8-32SJ,未使用,,
609,FS-TZVE-FLEV,未使用,,
610,FS-R97L-WP8Z,未使用,,
611,FS-3C33-DHPR,未使用,,
612,FS-W7EH-LKNQ,未使用,,
613,FS-RFJF-CKY5,未使用,,
614,FS-MQGM-JPFE,未使用,,
615,FS-QBKU-4HWR,未使用,,
616,FS-3VCC-EL32,未使用,,
617,FS-AENJ-KBX4,未使用,,
618,FS-2NFN-MTDQ,未使用,,
619,FS-W4LL-3QY9,未使用,,
620,FS-G7MF-2Q9Z,未使用,,
621,FS-QLJE-BYY6,未使用,,
622,FS-XXG7-CZ7R,未使用,,
623,FS-T3MX-5VRM,未使用,,
624,FS-JVEJ-VV7S,未使用,,
625,FS-C9JR-42Q3,未使用,,
626,FS-BKMC-WR87,未使用,,
627,FS-QKDE-E9ST,未使用,,
628,FS-H9M7-JD5F,未使用,,
629,FS-N237-842U,未使用,,
630,FS-E58U-DVGN,未使用,,
631,FS-9D2A-PD28,未使用,,
632,FS-UL6D-AKUY,未使用,,
633,FS-C9W5-23PA,未使用,,
634,FS-5CRF-H2DA,未使用,,
635,FS-JAAH-T3NR,未使用,,
636,FS-J78B-8KY7,未使用,,
637,FS-Q873-6D3V,未使用,,
638,FS-U24X-G4JS,未使用,,
639,FS-ABDQ-6N4L,未使用,,
640,FS-JES2-3QBW,未使用,,
641,FS-W3JL-ZRZL,未使用,,
642,FS-3T36-76ZP,未使用,,
643,FS-DAUR-CMBP,未使用,,
644,FS-GWJN-SW3R,未使用,,
645,FS-F795-S94F,未使用,,
646,FS-FBF4-U2Z4,未使用,,
647,FS-XTBS-C2RJ,未使用,,
648,FS-YZV4-DX2C,未使用,,
649,FS-6Z9Y-4PW6,未使用,,
650,FS-LQFE-9AV5,未使用,,
651,FS-Y79A-GHYJ,未使用,,
652,FS-Y6D5-S9M8,未使用,,
653,FS-UAFE-BVK2,未使用,,
654,FS-F8Q5-YTJ4,未使用,,
655,FS-UK3L-Y7QF,未使用,,
656,FS-LTPV-2G5G,未使用,,
657,FS-BMFV-MU57,未使用,,
658,FS-FGE7-JA67,未使用,,
659,FS-QZ79-VMQY,未使用,,
660,FS-DTB5-UL9W,未使用,,
661,FS-2LFE-PJ4F,未使用,,
662,FS-WZ9X-WVTS,未使用,,
663,FS-LP9L-9JUY,未使用,,
664,FS-JM4U-ENJ8,未使用,,
665,FS-Q3XX-WLSN,未使用,,
666,FS-HJ7M-ULRY,未使用,,
667,FS-92ZV-EGSX,未使用,,
668,FS-MPEU-FDLF,未使用,,
669,FS-AZRE-ZKEB,未使用,,
670,FS-VYKD-9QKQ,未使用,,
671,FS-L77K-2XEU,未使用,,
672,FS-9ZWQ-4SXQ,未使用,,
673,FS-GYCB-CDPR,未使用,,
674,FS-JURY-F5TN,未使用,,
675,FS-TVKL-WMMW,未使用,,
676,FS-6TL8-XEXD,未使用,,
677,FS-8DUE-QQMZ,未使用,,
678,FS-T7G2-CM96,未使用,,
679,FS-XXL4-ZW9B,未使用,,
680,FS-XAGL-6DJD,未使用,,
681,FS-ESUC-3B4G,未使用,,
682,FS-PPVU-2STV,未使用,,
683,FS-TTGN-T4JN,未使用,,
684,FS-LW9S-D4M7,未使用,,
685,FS-G2VC-MYVF,未使用,,
686,FS-KUMH-T6TZ,未使用,,
687,FS-5DLW-PANK,未使用,,
688,FS-YCD8-V2XW,未使用,,
689,FS-22W5-XPLP,未使用,,
690,FS-BVT9-ZTCD,未使用,,
691,FS-ZDJK-GWAP,未使用,,
692,FS-PZUT-622C,未使用,,
693,FS-JPFX-9L3Q,未使用,,
694,FS-K2W5-4Q9Q,未使用,,
695,FS-56AZ-FGY3,未使用,,
696,FS-9HWN-PXAY,未使用,,
697,FS-XCF8-WMGH,未使用,,
698,FS-D6BC-99Q9,未使用,,
699,FS-XXUS-2HDS,未使用,,
700,FS-NMBC-JC3X,未使用,,
701,FS-T4TS-MT66,未使用,,
702,FS-MQHV-5B6W,未使用,,
703,FS-JJCW-NNH3,未使用,,
704,FS-KMBU-SKXH,未使用,,
705,FS-PGCT-D2B5,未使用,,
706,FS-9X6E-5NK4,未使用,,
707,FS-99G4-2S8H,未使用,,
708,FS-CASA-Q6SG,未使用,,
709,FS-8Q4H-4TTH,未使用,,
710,FS-FU8F-HAX9,未使用,,
711,FS-JUKW-78BV,未使用,,
712,FS-NW5C-A2TV,未使用,,
713,FS-YP75-LYWN,未使用,,
714,FS-J67N-5T54,未使用,,
715,FS-9D8X-RDB8,未使用,,
716,FS-G4SQ-J5R3,未使用,,
717,FS-NPCE-Q2HR,未使用,,
718,FS-W8VM-44EG,未使用,,
719,FS-8W79-M48M,未使用,,
720,FS-9VPP-U5BS,未使用,,
721,FS-T9SC-FLE9,未使用,,
722,FS-NGNH-6DXD,未使用,,
723,FS-GJ97-6DHS,未使用,,
724,FS-5RGM-Y5LB,未使用,,
725,FS-FNM2-QWP6,未使用,,
726,FS-3PXE-4PP5,未使用,,
727,FS-S5G7-BAAH,未使用,,
728,FS-QGA4-95SW,未使用,,
729,FS-N6GM-MBXS,未使用,,
730,FS-N4BU-DGW6,未使用,,
731,FS-3F3W-WS6J,未使用,,
732,FS-GPB6-6ELT,未使用,,
733,FS-PA8S-2ECS,未使用,,
734,FS-D7F4-8ZAB,未使用,,
735,FS-6A79-9KCL,未使用,,
736,FS-92KH-JY3B,未使用,,
737,FS-F2UL-8KU7,未使用,,
738,FS-C65K-U6V8,未使用,,
739,FS-A6LZ-2PZD,未使用,,
740,FS-BZLC-WNCN,未使用,,
741,FS-Q5MZ-MTDE,未使用,,
742,FS-QAX3-UUWV,未使用,,
743,FS-HMNX-AFS8,未使用,,
744,FS-B8HA-UEH5,未使用,,
745,FS-668K-Z73L,未使用,,
746,FS-JJ49-KF8Z,未使用,,
747,FS-XZZQ-9QEU,未使用,,
748,FS-Y7VR-8KE2,未使用,,
749,FS-U78Y-SG2W,未使用,,
750,FS-8KNR-Z8FJ,未使用,,
751,FS-AUAE-B9TC,未使用,,
752,FS-MVYG-EKL9,未使用,,
753,FS-U5RR-CHN6,未使用,,
754,FS-VNRG-GUL8,未使用,,
755,FS-J6GP-XQUL,未使用,,
756,FS-6DNE-H9P3,未使用,,
757,FS-NYGU-W222,未使用,,
758,FS-JDD8-WB7Q,未使用,,
759,FS-SBCJ-8828,未使用,,
760,FS-DH3D-BACW,未使用,,
761,FS-XBNH-48H8,未使用,,
762,FS-T89X-GGGJ,未使用,,
763,FS-BGKQ-24LU,未使用,,
764,FS-KZAY-27XB,未使用,,
765,FS-MSPN-LECY,未使用,,
766,FS-9QP9-26ZF,未使用,,
767,FS-3ZCK-U9XH,未使用,,
768,FS-75QT-QESB,未使用,,
769,FS-BHEE-8WNY,未使用,,
770,FS-9P7B-XRNQ,未使用,,
771,FS-ED92-9XRH,未使用,,
772,FS-A96Q-JDVU,未使用,,
773,FS-QZHW-PFAZ,未使用,,
774,FS-MA7F-9SMV,未使用,,
775,FS-LY44-82K6,未使用,,
776,FS-HGSU-ZRX8,未使用,,
777,FS-X5G2-3RU6,未使用,,
778,FS-USHH-PGMC,未使用,,
779,FS-9SFP-X83G,未使用,,
780,FS-MUUC-Y8PA,未使用,,
781,FS-TRCH-B9X5,未使用,,
782,FS-9B2F-YXM7,未使用,,
783,FS-NWZF-JB9N,未使用,,
784,FS-KKY4-BWUC,未使用,,
785,FS-YLYD-L899,未使用,,
786,FS-574X-NARN,未使用,,
787,FS-3LBW-T85L,未使用,,
788,FS-5HGL-YQ5V,未使用,,
789,FS-74KF-49A6,未使用,,
790,FS-Q3PR-YNKJ,未使用,,
791,FS-LTVN-6NTE,未使用,,
792,FS-ZCZR-SKN2,未使用,,
793,FS-5BSG-686Z,未使用,,
794,FS-387W-VSYB,未使用,,
795,FS-JVF6-LZ3P,未使用,,
796,FS-ZFXG-9PX3,未使用,,
797,FS-EXWQ-4SGH,未使用,,
798,FS-PR43-VL2V,未使用,,
799,FS-6W3H-MCKN,未使用,,
800,FS-PCCH-7EWQ,未使用,,
801,FS-NRSB-MUM3,未使用,,
802,FS-U724-TGSY,未使用,,
803,FS-ERDX-5WYC,未使用,,
804,FS-GQAU-KHYN,未使用,,
805,FS-7HYY-75NF,未使用,,
806,FS-8HF9-CND9,未使用,,
807,FS-L2C3-NUK4,未使用,,
808,FS-VQS5-QN4X,未使用,,
809,FS-F8FN-S3DV,未使用,,
810,FS-D33E-99BN,未使用,,
811,FS-3WAP-38T4,未使用,,
812,FS-VA3D-SQ39,未使用,,
813,FS-YKWN-8EVK,未使用,,
814,FS-98KY-9ZVD,未使用,,
815,FS-N6E5-6DAW,未使用,,
816,FS-G7NX-7KN4,未使用,,
817,FS-XE97-7HVN,未使用,,
818,FS-AK8R-HK6T,未使用,,
819,FS-346C-KRAR,未使用,,
820,FS-F6PL-Y52G,未使用,,
821,FS-YZAL-TK7A,未使用,,
822,FS-Y4SW-FFY8,未使用,,
823,FS-7AWU-54NS,未使用,,
824,FS-ZQPB-82U8,未使用,,
825,FS-GYBA-FTRN,未使用,,
826,FS-7GGN-875G,未使用,,
827,FS-ZKQ6-5Y6D,未使用,,
828,FS-M4Z6-4CSS,未使用,,
829,FS-7FY3-4ZKX,未使用,,
830,FS-QTEN-JZVR,未使用,,
831,FS-VUZJ-KSAL,未使用,,
832,FS-5TY4-GUG2,未使用,,
833,FS-K3KL-6YR7,未使用,,
834,FS-L26E-PX6C,未使用,,
835,FS-BQDR-MFD4,未使用,,
836,FS-UYHA-9VPW,未使用,,
837,FS-BRLS-R2NE,未使用,,
838,FS-VR3S-N6BL,未使用,,
839,FS-5VG9-RDXL,未使用,,
840,FS-ZJGS-ZAJX,未使用,,
841,FS-9MQF-EDFX,未使用,,
842,FS-DSJZ-2T2K,未使用,,
843,FS-FH2F-BPHA,未使用,,
844,FS-YV86-2S7A,未使用,,
845,FS-25E8-LS6N,未使用,,
846,FS-7UAW-8NAQ,未使用,,
847,FS-S2KD-6PC6,未使用,,
848,FS-JLMV-FM9W,未使用,,
849,FS-CY8X-HENG,未使用,,
850,FS-7VV9-6ZAU,未使用,,
851,FS-AELR-EVKS,未使用,,
852,FS-HCTN-Q8G8,未使用,,
853,FS-YFEW-EWMG,未使用,,
854,FS-ZZK9-3W3S,未使用,,
855,FS-UNH9-3KG7,未使用,,
856,FS-HUD9-KR7B,未使用,,
857,FS-FNLF-MZPJ,未使用,,
858,FS-JU5Y-JZX8,未使用,,
859,FS-UFSV-AVYT,未使用,,
860,FS-SMSX-HLZ4,未使用,,
861,FS-2LRT-E82V,未使用,,
862,FS-WF26-WYXB,未使用,,
863,FS-Z5MD-Y6GX,未使用,,
864,FS-7BM6-K9Q4,未使用,,
865,FS-XJNW-ZYMT,未使用,,
866,FS-DMB8-GM7Y,未使用,,
867,FS-96T3-QJMC,未使用,,
868,FS-75LQ-BLNW,未使用,,
869,FS-E5BG-RFMX,未使用,,
870,FS-DJAQ-BZAG,未使用,,
871,FS-27HP-HZQ9,未使用,,
872,FS-2R9W-KQWL,未使用,,
873,FS-AQ5B-KLS2,未使用,,
874,FS-2KBK-7Z47,未使用,,
875,FS-JJQT-7KBN,未使用,,
876,FS-X8P3-XW34,未使用,,
877,FS-6E97-H6GZ,未使用,,
878,FS-JHDG-Q5M4,未使用,,
879,FS-7A7C-CFDE,未使用,,
880,FS-TBNT-2F9N,未使用,,
881,FS-WS42-7WUV,未使用,,
882,FS-J6HM-2YJU,未使用,,
883,FS-KBBB-VULC,未使用,,
884,FS-NNEQ-CUT8,未使用,,
885,FS-3TQ7-H3UC,未使用,,
886,FS-2XHW-7HM8,未使用,,
887,FS-WX48-5C2J,未使用,,
888,FS-SFBX-3C2H,未使用,,
889,FS-JSFK-JUJL,未使用,,
890,FS-JN4K-QPBZ,未使用,,
891,FS-ABMZ-LQ5K,未使用,,
892,FS-QXPN-L322,未使用,,
893,FS-E9CA-VDAV,未使用,,
894,FS-C7MF-B2UU,未使用,,
895,FS-AR2N-EF7K,未使用,,
896,FS-D256-7HSF,未使用,,
897,FS-FCKK-W29E,未使用,,
898,FS-6E4W-KREJ,未使用,,
899,FS-874V-CHD9,未使用,,
900,FS-C23K-4679,未使用,,
901,FS-NTZX-7PZU,未使用,,
902,FS-LDSC-AZH6,未使用,,
903,FS-RQRB-J5Y5,未使用,,
904,FS-W8PP-5LE3,未使用,,
905,FS-4VDG-ZUYR,未使用,,
906,FS-SFLK-KE2G,未使用,,
907,FS-JSHS-V9H9,未使用,,
908,FS-G9TX-UXXB,未使用,,
909,FS-AKSM-VX2D,未使用,,
910,FS-CFZX-HELT,未使用,,
911,FS-APUA-5UX2,未使用,,
912,FS-DV93-APA9,未使用,,
913,FS-QGGP-LJRT,未使用,,
914,FS-BSMB-LD7A,未使用,,
915,FS-KRLG-NZZJ,未使用,,
916,FS-RG8A-XC9B,未使用,,
917,FS-Z879-GBSE,未使用,,
918,FS-XH76-3YCA,未使用,,
919,FS-4RNA-S6M5,未使用,,
920,FS-WVKQ-6NLG,未使用,,
921,FS-55XN-2CDA,未使用,,
922,FS-XZ3X-USJH,未使用,,
923,FS-4DRT-4LR5,未使用,,
924,FS-EZ6K-QV4S,未使用,,
925,FS-62GB-U64S,未使用,,
926,FS-GSHG-EB86,未使用,,
927,FS-8TBM-ML7R,未使用,,
928,FS-3G9T-8PKT,未使用,,
929,FS-RB58-PEJY,未使用,,
930,FS-742D-C6QD,未使用,,
931,FS-GX7J-ZHJ3,未使用,,
932,FS-5BAQ-FTR7,未使用,,
933,FS-EUL4-3BU5,未使用,,
934,FS-NEP2-PFCW,未使用,,
935,FS-B8CU-H7X3,未使用,,
936,FS-JXJE-TSAW,未使用,,
937,FS-RXPG-GBD7,未使用,,
938,FS-CERZ-EN7H,未使用,,
939,FS-YKH9-ANNJ,未使用,,
940,FS-429X-E2VE,未使用,,
941,FS-UZSA-Z4ZA,未使用,,
942,FS-STC9-4EC5,未使用,,
943,FS-LQBP-7PBY,未使用,,
944,FS-L2J7-BVAD,未使用,,
945,FS-XS5N-5Y2A,未使用,,
946,FS-JWG2-456Y,未使用,,
947,FS-38HE-3MCK,未使用,,
948,FS-6UGL-MCCD,未使用,,
949,FS-6FME-CLRM,未使用,,
950,FS-AF7Q-47Q3,未使用,,
951,FS-TJZH-H4AH,未使用,,
952,FS-ZPPH-A9ER,未使用,,
953,FS-NWK2-7MHY,未使用,,
954,FS-LCH4-JE4H,未使用,,
955,FS-J38Q-HSSQ,未使用,,
956,FS-QM6J-YCAY,未使用,,
957,FS-CAN9-JKSD,未使用,,
958,FS-9H78-MPBP,未使用,,
959,FS-6UMX-XQUY,未使用,,
960,FS-7ZCP-HV39,未使用,,
961,FS-SV8K-FWBE,未使用,,
962,FS-T8UL-WWZP,未使用,,
963,FS-3RTT-N7EL,未使用,,
964,FS-9JC5-PVUM,未使用,,
965,FS-R5AJ-ESHM,未使用,,
966,FS-EBFH-MRDZ,未使用,,
967,FS-WFXB-S5WY,未使用,,
968,FS-GMMH-EW76,未使用,,
969,FS-9Y3Q-NTGZ,未使用,,
970,FS-DGT3-RFFW,未使用,,
971,FS-D656-B9NK,未使用,,
972,FS-KKH7-YKNW,未使用,,
973,FS-KT7F-88PJ,未使用,,
974,FS-Z8A6-KL3G,未使用,,
975,FS-7PUM-R4Y8,未使用,,
976,FS-YFJK-ZRLP,未使用,,
977,FS-MBS2-QHEY,未使用,,
978,FS-XQPN-9WQH,未使用,,
979,FS-NBQA-N4YU,未使用,,
980,FS-J52S-Y3M2,未使用,,
981,FS-JBEG-8F96,未使用,,
982,FS-6EDW-VUYK,未使用,,
983,FS-UX89-75DX,未使用,,
984,FS-YQNW-2GNV,未使用,,
985,FS-HEU3-NU8L,未使用,,
986,FS-PUUK-YDN6,未使用,,
987,FS-A2C2-3Z4H,未使用,,
988,FS-MVJ9-A9DV,未使用,,
989,FS-V4MA-YSVJ,未使用,,
990,FS-L5M7-74WK,未使用,,
991,FS-X74L-H7KA,未使用,,
992,FS-8HQK-YSTS,未使用,,
993,FS-DB7M-DZ6J,未使用,,
994,FS-WEHV-PYWC,未使用,,
995,FS-UDPP-XUU5,未使用,,
996,FS-2RRU-W6RV,未使用,,
997,FS-W6L9-6355,未使用,,
998,FS-7JKG-PV3Y,未使用,,
999,FS-AS3W-WHM3,未使用,,
1000,FS-P6MQ-JSHA,未使用,,
